name,domains,use_cases,short_desc,long_desc,creator,url,platform,pricing,underlying_model,deployment,legitimacy
ChatGPT,"General AI, Conversational AI","Text generation, Q&A, coding assistance, creative writing",Advanced conversational AI model for diverse tasks,"ChatGPT is a state-of-the-art conversational AI developed by OpenAI, capable of engaging in human-like conversations and assisting with a wide range of tasks including writing, analysis, coding, and creative projects.",OpenAI,https://chat.openai.com,"Web, Mobile, API",Freemium,GPT-4,Cloud,Verified
Claude 3.5 Sonnet,"General AI, Writing, Analysis, Coding","Content creation, code analysis, research assistance, creative writing",Advanced AI assistant with strong reasoning capabilities and ethical alignment,"Claude 3.5 Sonnet is Anthropic's most advanced AI model, designed with Constitutional AI principles for helpful, harmless, and honest interactions. It excels at complex reasoning, code analysis, creative tasks, and maintaining ethical guidelines.",Anthropic,https://claude.ai/,"Web, API",Freemium,Claude 3.5 Sonnet,Cloud,Verified
ChatGPT Deep Research,"Research, Analysis","Academic research, fact-checking, comprehensive analysis",Advanced research-focused version of ChatGPT for in-depth analysis,"ChatGPT Deep Research is specifically optimized for research tasks, providing thorough analysis, fact-checking, and comprehensive research assistance with enhanced source verification capabilities.",OpenAI,https://chat.openai.com,Web,Subscription,GPT-4 Turbo,Cloud,Verified
Perplexity AI,"Research, Search, Information Retrieval","Academic research, fact-checking, real-time search, information synthesis",AI-powered search engine that provides real-time answers with cited sources,"Perplexity AI is an AI-powered search engine that combines large language models with real-time web search to provide accurate, cited answers. It excels at research tasks, fact-checking, and providing up-to-date information with transparent sourcing.",Perplexity AI,https://www.perplexity.ai/,"Web, Mobile App",Freemium,"GPT-4, Claude, Custom models",Cloud,Verified
DALL-E 3,"Image Generation, Creative AI","Digital art creation, concept visualization, marketing materials, creative design",Advanced AI image generator for creating detailed artwork from text descriptions,"DALL-E 3 is OpenAI's most advanced text-to-image model, capable of generating highly detailed and creative images from textual descriptions. It understands nuance and detail, making it ideal for artistic creation and professional design work.",OpenAI,https://openai.com/dall-e-3,"Web, API",Pay-per-use,DALL-E 3,Cloud,Verified
Midjourney,"Image Generation, Creative AI","Artistic creation, concept art, visual storytelling, design inspiration","AI art generator known for high-quality, artistic image creation","Midjourney is a popular AI image generation platform that creates high-quality, artistic images from text prompts. It's particularly known for its distinctive artistic style and is widely used by artists, designers, and creative professionals.",Midjourney,https://midjourney.com,"Discord, Web",Subscription,Proprietary diffusion model,Cloud,Verified
Stability AI SDXL,"Image Generation, Creative AI","Digital art creation, concept visualization, marketing materials, creative design",Advanced text-to-image generation model for high-quality artistic content,"Stability AI's SDXL (Stable Diffusion XL) is a state-of-the-art text-to-image generation model that creates high-resolution, detailed images from text descriptions. It's widely used for artistic creation, design work, and visual content generation.",Stability AI,https://stability.ai/,"Web, API, Local",Freemium,Stable Diffusion XL,"Cloud, On-premise",Verified
RunwayML Gen-3,"Video Generation, Creative AI","Video content creation, animation, film production, marketing videos",AI-powered video generation and editing platform for creative professionals,"RunwayML Gen-3 is an advanced AI video generation platform that creates high-quality videos from text prompts or images. It's used by filmmakers, content creators, and marketing professionals for rapid video prototyping and production.",Runway,https://runwayml.com/,Web,Subscription,Gen-3 Alpha,Cloud,Verified
OpenAI GPT-4 API,"Development, API, Integration","Application development, custom AI integration, enterprise solutions",API access to GPT-4 for developers and businesses,"OpenAI's GPT-4 API provides developers with programmatic access to the most advanced language model, enabling integration of AI capabilities into applications, services, and business workflows.",OpenAI,https://platform.openai.com,API,Usage-based,GPT-4,Cloud,Verified
Cohere Command R+,"Enterprise AI, RAG, Business Intelligence","Enterprise search, document analysis, business intelligence, customer support",Enterprise-focused AI model optimized for retrieval-augmented generation,"Cohere's Command R+ is an enterprise-grade large language model optimized for retrieval-augmented generation (RAG) use cases. It excels at processing business documents, enterprise search, and providing accurate information from company knowledge bases.",Cohere,https://cohere.com/,"API, Cloud",Usage-based,Command R+,Cloud,Verified
ElevenLabs Voice AI,"Voice AI, Audio Generation","Voice cloning, audiobook narration, podcast creation, multilingual dubbing",Advanced AI voice synthesis and cloning platform,"ElevenLabs provides state-of-the-art AI voice synthesis technology that can clone voices, generate speech in multiple languages, and create natural-sounding audio content. It's widely used for content creation, accessibility, and entertainment.",ElevenLabs,https://elevenlabs.io/,"Web, API",Freemium,Proprietary voice models,Cloud,Verified
Replicate,"Model Hosting, AI Infrastructure","Model deployment, AI experimentation, research, rapid prototyping",Platform for running and deploying machine learning models in the cloud,Replicate is a platform that makes it easy to run machine learning models in the cloud. It hosts thousands of open-source models and provides simple APIs for developers to integrate AI capabilities into their applications.,Replicate,https://replicate.com/,"API, Web",Pay-per-use,Multiple open-source models,Cloud,Verified
Hugging Face Transformers,"NLP, Model Hub, Research","Natural language processing, model fine-tuning, research, open-source AI",Open-source platform for natural language processing and machine learning models,"Hugging Face is the leading platform for sharing and collaborating on machine learning models, particularly in natural language processing. It provides pre-trained models, datasets, and tools for AI researchers and developers.",Hugging Face,https://huggingface.co/,"Web, Python Library, API",Freemium,Various transformers,"Cloud, On-premise",Verified
DeepL Translator,"Translation, Language Processing","Document translation, real-time translation, multilingual communication",AI-powered translation service with superior accuracy for multiple languages,DeepL uses advanced neural networks to provide highly accurate translations between multiple languages. It's known for producing more natural and contextually appropriate translations compared to traditional services.,DeepL,https://www.deepl.com/,"Web, Desktop App, API",Freemium,Proprietary neural networks,Cloud,Verified
GitHub Copilot,"Coding, Development, Programming","Code completion, programming assistance, software development, debugging",AI pair programmer that suggests code and entire functions in real-time,"GitHub Copilot is an AI-powered code completion tool that helps developers write code faster and with fewer errors. It suggests whole lines or entire functions in real-time, supporting dozens of programming languages.",GitHub/Microsoft,https://github.com/features/copilot,IDE Extensions,Subscription,Codex (GPT-based),Cloud,Verified
Amazon CodeWhisperer,"Coding, Development, AWS Integration","Code generation, AWS development, security scanning, productivity enhancement",AI coding companion with security scanning and AWS integration,"Amazon CodeWhisperer is an AI coding assistant that provides code suggestions, security scanning, and bias detection. It's particularly strong for AWS development and integrates seamlessly with Amazon's cloud services.",Amazon,https://aws.amazon.com/codewhisperer/,"IDE Extensions, AWS",Freemium,Amazon proprietary models,Cloud,Verified
Cursor,"Coding, IDE, Development","Code editing, refactoring, debugging, software development",AI-first code editor built for pair programming with AI,"Cursor is an AI-first code editor that integrates advanced AI capabilities directly into the development workflow. It provides intelligent code suggestions, refactoring assistance, and natural language code generation.",Anysphere,https://cursor.sh/,Desktop,Freemium,"GPT-4, Claude, Custom models",Local with cloud AI,Verified
Microsoft Copilot,"Productivity, Office Integration, General AI","Document creation, data analysis, presentation design, email assistance",AI assistant integrated across Microsoft 365 applications,"Microsoft Copilot is integrated throughout Microsoft 365, helping users create documents, analyze data, design presentations, and manage emails more efficiently using natural language interactions.",Microsoft,https://copilot.microsoft.com,"Web, Office Apps",Subscription,GPT-4,Cloud,Verified
Microsoft Bing Chat (Copilot),"Search, Research, Conversational AI","Web search, research assistance, real-time information, creative tasks",AI-powered search and chat experience with real-time web access,"Microsoft Bing Chat (now Copilot) combines conversational AI with real-time web search capabilities, providing up-to-date information and assistance with various tasks including research, creative writing, and problem-solving.",Microsoft,https://www.bing.com/chat,"Web, Mobile",Free,GPT-4,Cloud,Verified
Microsoft 365 Copilot,"Enterprise Productivity, Business Intelligence","Business document creation, data analysis, meeting summaries, workflow automation",Enterprise AI assistant for Microsoft 365 business applications,"Microsoft 365 Copilot is designed for enterprise users, integrating AI capabilities across Word, Excel, PowerPoint, Outlook, and Teams to enhance productivity and business intelligence.",Microsoft,https://www.microsoft.com/microsoft-365/enterprise/copilot-for-microsoft-365,Enterprise Applications,Enterprise,GPT-4,Cloud,Verified
Google Gemini,"General AI, Multimodal AI, Search Integration","Text generation, image analysis, coding assistance, research, creative tasks",Google's advanced multimodal AI model with reasoning capabilities,"Google Gemini is a sophisticated multimodal AI that can understand and generate text, analyze images, write code, and perform complex reasoning tasks. It integrates seamlessly with Google's ecosystem of services.",Google,https://gemini.google.com,"Web, Mobile, API",Freemium,Gemini Pro,Cloud,Verified
Google Bard,"Conversational AI, Research, Creative Writing","Creative writing, research assistance, brainstorming, general conversation",Google's experimental conversational AI for creative and research tasks,"Google Bard is an experimental conversational AI service powered by Google's language models. It excels at creative tasks, research assistance, and providing helpful information through natural conversation.",Google,https://bard.google.com,Web,Free,PaLM 2,Cloud,Verified
Meta AI,"Social Media AI, Conversational AI","Social media assistance, creative tasks, general conversation, image generation","Meta's AI assistant integrated across Facebook, Instagram, and WhatsApp","Meta AI is integrated across Meta's platforms including Facebook, Instagram, and WhatsApp, providing users with AI assistance for various tasks including conversation, creative projects, and social media content creation.",Meta,https://www.meta.ai,"Social Media Apps, Web",Free,Llama 2,Cloud,Verified
Character.AI,"Entertainment, Roleplay, Conversational AI","Character interaction, creative writing, entertainment, education",Platform for creating and interacting with AI characters,"Character.AI allows users to create and interact with AI-powered characters, each with unique personalities and backgrounds. It's popular for entertainment, creative writing, and educational roleplay scenarios.",Character.AI,https://character.ai,"Web, Mobile",Freemium,Custom language models,Cloud,Verified
Poe by Quora,"Multi-model Access, AI Comparison","AI model comparison, diverse AI interactions, research, productivity",Platform providing access to multiple AI models in one interface,"Poe by Quora offers access to various AI models including ChatGPT, Claude, and others through a single interface, allowing users to compare responses and choose the best model for their specific needs.",Quora,https://poe.com,"Web, Mobile",Freemium,"Multiple (GPT, Claude, etc.)",Cloud,Verified
You.com,"Search, Research, AI Chat","Web search, research, AI conversation, productivity tools",AI-powered search engine with integrated chat capabilities,"You.com combines traditional web search with AI chat capabilities, providing users with comprehensive search results alongside conversational AI assistance for research and productivity tasks.",You.com,https://you.com,Web,Freemium,Multiple AI models,Cloud,Verified
Jasper AI,"Content Marketing, Business Writing","Marketing copy, blog posts, social media content, business communications",AI content platform designed for marketing and business writing,"Jasper AI is specifically designed for marketing teams and businesses, offering templates and tools for creating marketing copy, blog posts, social media content, and other business communications with brand voice consistency.",Jasper,https://www.jasper.ai,Web,Subscription,GPT-based models,Cloud,Verified
Copy.ai,"Content Creation, Marketing","Marketing copy, social media posts, email campaigns, product descriptions",AI-powered copywriting tool for marketing and sales content,"Copy.ai helps marketers and businesses create compelling copy for various channels including social media, email campaigns, product descriptions, and advertising materials using AI-powered writing assistance.",Copy.ai,https://www.copy.ai,Web,Freemium,GPT-based models,Cloud,Verified
Grammarly,"Writing Assistance, Grammar, Style","Grammar checking, writing improvement, style suggestions, plagiarism detection","AI-powered writing assistant for grammar, style, and clarity improvements","Grammarly uses AI to help users improve their writing by checking grammar, suggesting style improvements, enhancing clarity, and detecting plagiarism. It integrates with various platforms and applications.",Grammarly,https://www.grammarly.com,"Web, Desktop, Browser Extension",Freemium,Proprietary NLP models,Cloud,Verified
Notion AI,"Productivity, Note-taking, Knowledge Management","Document creation, note summarization, content generation, project management",AI assistant integrated into the Notion productivity platform,"Notion AI is built into the Notion workspace, helping users create content, summarize notes, generate ideas, and manage projects more efficiently within their existing Notion workflow.",Notion,https://www.notion.so/product/ai,"Web, Desktop, Mobile",Subscription add-on,GPT-based models,Cloud,Verified
Otter.ai,"Transcription, Meeting Notes, Voice AI","Meeting transcription, note-taking, interview recording, accessibility",AI-powered transcription service for meetings and conversations,"Otter.ai provides real-time transcription and note-taking for meetings, interviews, and conversations. It integrates with popular video conferencing platforms and offers features like speaker identification and keyword highlighting.",Otter.ai,https://otter.ai,"Web, Mobile, Integrations",Freemium,Proprietary speech recognition,Cloud,Verified
Canva AI,"Design, Graphics, Visual Content","Graphic design, social media content, presentations, marketing materials",AI-powered design tools integrated into the Canva platform,"Canva AI includes various AI-powered design tools such as Magic Design, background removal, and text-to-image generation, making professional design accessible to users without extensive design experience.",Canva,https://www.canva.com/ai-image-generator/,"Web, Mobile",Freemium,Multiple AI models,Cloud,Verified
Figma AI,"Design, UI/UX, Prototyping","UI design, prototyping, design system creation, collaborative design",AI features integrated into the Figma design platform,"Figma AI enhances the design workflow with features like automated layout suggestions, content generation, and design system recommendations, helping designers work more efficiently in collaborative environments.",Figma,https://www.figma.com,"Web, Desktop",Freemium,Custom design AI,Cloud,Verified
Loom AI,"Video Communication, Productivity","Video messaging, screen recording, meeting summaries, async communication",AI-enhanced video messaging and screen recording platform,"Loom AI adds intelligent features to video communication including automatic transcription, meeting summaries, and content suggestions, making video-based communication more efficient and accessible.",Loom,https://www.loom.com,"Web, Desktop, Mobile",Freemium,Custom AI models,Cloud,Verified
Mailchimp AI,"Email Marketing, Automation","Email campaign optimization, content generation, audience insights, marketing automation",AI-powered features for email marketing and customer engagement,"Mailchimp AI helps marketers optimize email campaigns through predictive analytics, content generation, send time optimization, and audience segmentation, improving engagement and conversion rates.",Mailchimp,https://mailchimp.com,Web,Freemium,Custom marketing AI,Cloud,Verified
Zapier AI,"Automation, Workflow, Integration","Workflow automation, app integration, business process optimization, task automation",AI-powered automation platform connecting apps and services,"Zapier AI enhances workflow automation with intelligent triggers, natural language automation setup, and smart suggestions for connecting different apps and services to streamline business processes.",Zapier,https://zapier.com,"Web, API",Freemium,Custom automation AI,Cloud,Verified
Synthesia,"Video Generation, AI Avatars","Corporate training videos, marketing content, educational materials, personalized video messages",AI video generation platform with realistic AI avatars,"Synthesia creates professional videos using AI avatars that can speak in multiple languages. It's widely used for corporate training, marketing content, and educational materials without the need for cameras or actors.",Synthesia,https://www.synthesia.io,Web,Subscription,Proprietary AI avatar technology,Cloud,Verified
Descript,"Audio/Video Editing, Transcription","Podcast editing, video editing, transcription, voice cloning, content creation",AI-powered audio and video editing platform with text-based editing,"Descript revolutionizes audio and video editing by allowing users to edit media files by editing text transcripts. It includes features like voice cloning, filler word removal, and automatic transcription.",Descript,https://www.descript.com,"Desktop, Web",Freemium,Custom audio/video AI,Cloud,Verified
Pika Labs,"Video Generation, Creative AI","Short video creation, animation, social media content, creative storytelling","AI video generation platform for creating short, engaging videos","Pika Labs specializes in AI-generated short videos, allowing users to create engaging animated content from text prompts or images. It's popular for social media content creation and creative storytelling.",Pika Labs,https://pika.art/,Web,Freemium,Proprietary video models,Cloud,Verified
Typeface,"Enterprise Content, Brand Management, Marketing","Brand-compliant content, marketing materials, enterprise communication, content personalization",Enterprise AI content platform for brand-aligned content creation,"Typeface is an enterprise AI platform that generates content aligned with brand guidelines and company voice. It helps large organizations create consistent, on-brand content across all marketing and communication channels.",Typeface,https://www.typeface.ai/,"Web, Enterprise",Enterprise,Custom brand-trained models,Cloud,Verified
Rugproof,"Security, Blockchain","Smart contract auditing, Security analysis",AI-powered smart contract security analysis and auditing platform,Rugproof provides comprehensive security analysis for smart contracts using AI to detect vulnerabilities and potential issues before deployment.,Rugproof Team,https://rugproof.io,Web,Freemium,Custom AI,Cloud,Verified
Pretty Prompt,"Writing, Productivity","Prompt optimization, AI prompt engineering",Tool for creating and optimizing AI prompts for better results,"Pretty Prompt helps users craft better prompts for AI models, improving output quality and consistency across various AI applications.",Pretty Prompt,https://prettyprompt.com,Web,Free,Various,Cloud,Verified
SchedX,"Productivity, Scheduling","Meeting scheduling, Calendar management",AI-powered scheduling assistant for automated meeting coordination,"SchedX uses AI to automatically coordinate meetings, manage calendars, and optimize scheduling across multiple participants and time zones.",SchedX,https://schedx.ai,Web,Freemium,Custom AI,Cloud,Verified
Hatch Canvas,"Design, Creativity","Visual design, Creative projects",AI-powered design canvas for creating visual content and graphics,Hatch Canvas provides an intelligent design environment where users can create professional graphics and visual content with AI assistance.,Hatch,https://hatchcanvas.com,Web,Paid,Generative AI,Cloud,Verified
Refine AI,"Development, Productivity","Code refinement, Development tools",AI tool for code optimization and software development enhancement,"Refine AI helps developers improve code quality, optimize performance, and streamline development workflows through intelligent suggestions.",Refine,https://refine.dev,Web,Open Source,Code AI,Cloud/Self-hosted,Verified
Chat4Data,"Data Analysis, Analytics","Data visualization, Business intelligence",Conversational AI for data analysis and visualization,"Chat4Data enables users to interact with their data using natural language, creating visualizations and insights through conversational interfaces.",Chat4Data,https://chat4data.com,Web,Freemium,LLM + Analytics,Cloud,Verified
TheLibrarian.io,"Research, Knowledge","Information retrieval, Research assistance",AI research assistant for finding and organizing information,"TheLibrarian.io acts as an intelligent research assistant, helping users find, organize, and synthesize information from various sources.",TheLibrarian,https://thelibrarian.io,Web,Freemium,RAG + LLM,Cloud,Verified
Agentverse,"Agent Management, Automation","Multi-agent systems, Workflow automation",Platform for creating and managing multiple AI agents,"Agentverse provides a comprehensive platform for deploying, managing, and coordinating multiple AI agents to handle complex workflows and tasks.",Fetch.ai,https://agentverse.ai,Web,Freemium,Multi-agent AI,Cloud,Verified
DigitalEmployees.io,"Business Automation, HR","Process automation, Digital workforce",AI-powered digital employees for business process automation,"DigitalEmployees.io creates AI-powered digital workers that can handle various business processes, from customer service to data processing.",DigitalEmployees,https://digitalemployees.io,Web,Enterprise,Business AI,Cloud,Verified
AutoGPT,"Automation, General AI","Task automation, Autonomous operations",Autonomous AI agent for complex task execution,AutoGPT is an autonomous AI agent that can break down complex goals into sub-tasks and execute them independently with minimal human intervention.,Significant Gravitas,https://autogpt.net,Web/Desktop,Open Source,GPT-based,Cloud/Self-hosted,Verified
AgentGPT,"Task Management, Automation","Goal-oriented tasks, Autonomous execution",Web-based autonomous AI agent for goal achievement,AgentGPT allows users to configure autonomous AI agents in the browser that work toward achieving user-defined goals through iterative task execution.,Reworkd,https://agentgpt.reworkd.ai,Web,Freemium,GPT-4,Cloud,Verified
CrewAI,"Multi-agent Systems, Collaboration","Team coordination, Multi-agent workflows",Framework for creating collaborative AI agent teams,CrewAI enables the creation of collaborative AI agent teams where multiple agents work together on complex projects with defined roles and responsibilities.,CrewAI,https://crewai.com,API/Framework,Open Source,LLM-based,Self-hosted/Cloud,Verified
Bee Agent Framework,"Development, Frameworks","Agent development, Multi-agent systems, Enterprise automation",Open-source framework for building production-ready AI agents,"Bee Agent Framework is IBM's open-source framework designed for building production-ready AI agents. It provides developers with comprehensive tools for creating, deploying, and managing intelligent agents with enterprise-grade reliability and scalability.",IBM,https://github.com/i-am-bee/bee-agent-framework,"Framework, API",Open Source,Multi-model support,"Self-hosted, Cloud",Verified
Agent Zero,"Development, Frameworks","General purpose AI agents, Task automation, Development assistance",General purpose AI agent framework with dynamic code execution,"Agent Zero is a dynamic AI agent framework that can execute code, use tools, and learn from interactions. It's designed to handle general-purpose tasks with minimal configuration while maintaining safety and reliability.",Agent Zero Team,https://github.com/frdel/agent-zero,"Framework, Python",Open Source,LLM-agnostic,Self-hosted,Verified
n8n,"Workflow Automation, Integration","Workflow automation, API integration, Business process automation",Fair-code workflow automation platform with AI capabilities,"n8n is a workflow automation platform that connects different services and APIs. With recent AI integrations, it enables users to create sophisticated automated workflows that incorporate AI agents and machine learning capabilities.",n8n,https://n8n.io,"Web, Self-hosted",Freemium,Integration platform with AI nodes,"Cloud, Self-hosted",Verified
Agno,"Development, Frameworks","Agent orchestration, Multi-agent coordination, Distributed systems",Multi-agent orchestration framework for distributed AI systems,"Agno provides a framework for orchestrating multiple AI agents in distributed systems. It focuses on coordination, communication, and task distribution among agents to solve complex problems collaboratively.",Agno,https://agno.ai,"Framework, API",Open Source,Multi-agent orchestration,"Self-hosted, Cloud",Verified
BaseAI.dev,"Development, Frameworks","AI application development, Agent building, Production deployment",Web-based AI development platform for building production agents,"BaseAI.dev provides a comprehensive development environment for building, testing, and deploying AI agents. It offers visual tools, testing frameworks, and deployment pipelines specifically designed for AI applications.",BaseAI,https://baseai.dev,"Web, Cloud",Freemium,Development platform,Cloud,Verified
AutoGen,"Development, Frameworks","Multi-agent conversations, Collaborative AI, Code generation",Microsoft framework for multi-agent conversational AI systems,"AutoGen is Microsoft's framework for creating multi-agent conversational AI systems. It enables multiple AI agents to collaborate, debate, and solve problems together through structured conversations and role-based interactions.",Microsoft,https://microsoft.github.io/autogen/,"Framework, Python",Open Source,Multi-agent conversations,"Self-hosted, Cloud",Verified
Flowise AI,"Development, No-Code","Visual AI flow building, No-code AI development, Chatbot creation",Drag-and-drop UI for building customized AI flows,"Flowise AI provides a visual, drag-and-drop interface for building AI applications and workflows. It allows users to create sophisticated AI agents and chatbots without coding, using a node-based visual programming approach.",FlowiseAI,https://flowiseai.com,"Web, Self-hosted",Open Source,Visual flow builder,"Cloud, Self-hosted",Verified
AgentKit,"Development, Mobile","Mobile agent development, App automation, Cross-platform agents",Toolkit for building AI agents that interact with mobile applications,"AgentKit is specialized for creating AI agents that can interact with and automate mobile applications. It provides tools for screen understanding, gesture automation, and cross-platform mobile agent development.",AgentKit,https://agentkit.dev,"Mobile, Cross-platform",Open Source,Mobile interaction AI,Device-local,Verified
NeMo Guardrails,"AI Safety, Guardrails","AI safety, Content filtering, Conversational guardrails",NVIDIA toolkit for adding safety guardrails to conversational AI,NeMo Guardrails is NVIDIA's open-source toolkit for adding programmable guardrails to LLM-based conversational systems. It ensures AI agents behave safely and follow defined guidelines in their interactions.,NVIDIA,https://github.com/NVIDIA/NeMo-Guardrails,"Framework, Python",Open Source,Safety and guardrails,Self-hosted,Verified
FastAgency,"Development, Frameworks","Rapid agent development, API-first agents, Microservices",Fast framework for building production-ready AI agent APIs,"FastAgency is designed for rapid development of production-ready AI agent APIs. It provides a FastAPI-inspired approach to building scalable agent services with built-in monitoring, authentication, and deployment tools.",FastAgency,https://fastagency.ai,"Framework, API",Open Source,API-first framework,"Cloud, Self-hosted",Verified
PraisonAI,"Development, Frameworks","Multi-agent orchestration, Task automation, Team collaboration",Framework for creating teams of AI agents with specific roles,"PraisonAI enables the creation of teams of AI agents, each with specific roles and responsibilities. It focuses on multi-agent collaboration and orchestration for complex task completion and problem-solving.",PraisonAI,https://github.com/MervinPraison/PraisonAI,"Framework, Python",Open Source,Multi-agent teams,Self-hosted,Verified
Crab,"Development, Benchmarking","Agent evaluation, Benchmarking, Performance testing",Comprehensive benchmark for evaluating AI agent capabilities,Crab is a comprehensive benchmark framework for evaluating AI agents across various tasks and environments. It provides standardized testing protocols and metrics for assessing agent performance and capabilities.,Crab Team,https://crab-ai.github.io,Benchmarking Framework,Open Source,Evaluation framework,Research/Testing,Verified
LM-Kit SDK,"Development, SDK","Language model integration, SDK development, AI embedding",SDK for integrating large language models into applications,"LM-Kit SDK provides developers with tools and libraries for integrating large language models into their applications. It offers simplified APIs, optimization tools, and deployment utilities for LLM-powered features.",LM-Kit,https://lmkit.ai,"SDK, Multi-platform",Freemium,LLM integration toolkit,"Embedded, Cloud",Verified
Dragonfruit AI,"Blockchain, Web3","DeFi analysis, Crypto trading, Blockchain intelligence",AI platform for Web3 analytics and DeFi automation,"Dragonfruit AI provides intelligent analysis and automation for Web3 and DeFi protocols. It offers AI-driven insights for crypto trading, yield farming optimization, and blockchain data analysis.",Dragonfruit,https://dragonfruit.ai,"Web, API",Freemium,Blockchain AI,Cloud,Verified
ai16z,"Blockchain, Investment","Crypto investment, Portfolio management, DeFi strategies",AI-powered crypto investment and portfolio management platform,"ai16z leverages artificial intelligence for cryptocurrency investment strategies and portfolio management. It provides automated trading, risk assessment, and DeFi yield optimization for crypto investors.",ai16z,https://ai16z.com,"Web, API",Subscription,Financial AI,Cloud,Verified
0xLuigi,"Blockchain, Gaming","NFT analysis, Gaming economics, Blockchain gaming",AI agent for NFT and blockchain gaming analysis,"0xLuigi is an AI agent specialized in NFT market analysis and blockchain gaming economics. It provides insights on NFT valuations, gaming token economics, and play-to-earn opportunities.",0xLuigi,https://0xluigi.com,"Web, Discord",Freemium,Gaming & NFT AI,Cloud,Verified
Klaus AI Agent,"Blockchain, DeFi","DeFi protocol analysis, Smart contract auditing, Yield optimization",AI agent for DeFi protocol analysis and optimization,"Klaus AI Agent specializes in analyzing DeFi protocols, optimizing yield farming strategies, and providing insights on smart contract interactions and risks in decentralized finance.",Klaus,https://klaus.ai,"Web, API",Subscription,DeFi analysis AI,Cloud,Verified
Mettalex,"Blockchain, Trading","Derivatives trading, Risk management, Commodities DeFi",AI-powered decentralized derivatives trading platform,"Mettalex combines AI with decentralized derivatives trading, offering intelligent risk management and automated trading strategies for commodities and crypto derivatives on blockchain.",Mettalex,https://mettalex.com,"Web, DApp",Transaction fees,Trading AI,Blockchain,Verified
Web3GPT,"Blockchain, Development","Smart contract development, Web3 education, Blockchain queries",AI assistant specialized in Web3 development and blockchain queries,"Web3GPT is an AI assistant specifically trained on Web3 technologies, smart contract development, and blockchain concepts. It helps developers build dApps and understand complex blockchain ecosystems.",Web3GPT,https://web3gpt.ai,"Web, API",Freemium,Web3-specialized LLM,Cloud,Verified
Asecendia,"Blockchain, Security","Blockchain security, Threat detection, Smart contract monitoring",AI-powered blockchain security and threat detection platform,"Asecendia provides AI-driven security solutions for blockchain networks, including threat detection, anomaly monitoring, and smart contract security analysis to protect DeFi protocols and users.",Asecendia,https://asecendia.com,"Web, API",Enterprise,Security AI,Cloud,Verified
Phala Network,"Blockchain, Privacy","Privacy-preserving AI, Confidential computing, Decentralized AI",Privacy-preserving AI computation network on blockchain,"Phala Network provides a decentralized cloud computing platform that offers privacy-preserving AI computation. It enables secure, confidential AI processing while maintaining blockchain transparency and decentralization.",Phala,https://phala.network,"Blockchain, Cloud",Token-based,Privacy-preserving AI,Decentralized,Verified
GRIFFAIN,"Blockchain, Gaming","Gaming AI, NFT gaming, Blockchain game mechanics",AI platform for blockchain gaming and NFT game mechanics,"GRIFFAIN develops AI solutions for blockchain gaming, including intelligent NPCs, dynamic game economies, and NFT-based game mechanics that adapt to player behavior and market conditions.",GRIFFAIN,https://griffain.com,"Gaming, Web",Game-dependent,Gaming AI,"Cloud, Gaming",Verified
PIPPIN,"Blockchain, DeFi","Automated market making, Liquidity optimization, DeFi yield",AI-powered automated market maker for DeFi protocols,PIPPIN is an AI-driven automated market maker that optimizes liquidity provision and yield generation in DeFi protocols. It uses machine learning to adapt to market conditions and maximize returns.,PIPPIN,https://pippin.fi,"DeFi, Web",Protocol fees,AMM optimization AI,Blockchain,Verified
aixbt by Virtuals,"Blockchain, Social","Crypto social media, Community management, Sentiment analysis",AI agent for crypto Twitter and blockchain social media,"aixbt by Virtuals is an AI agent that specializes in cryptocurrency social media analysis, community engagement, and sentiment tracking across blockchain and crypto communities on Twitter and other platforms.",Virtuals Protocol,https://virtuals.io,"Social Media, Web",Token-based,Social AI,Cloud,Verified
Freysa,"Blockchain, Entertainment","Blockchain puzzles, Crypto games, Challenge platforms",AI challenge platform for blockchain puzzles and crypto games,"Freysa creates AI-powered challenge platforms and puzzle games in the blockchain space, offering interactive experiences that combine artificial intelligence with cryptocurrency rewards and blockchain mechanics.",Freysa,https://freysa.ai,"Web, Gaming",Game-based,Interactive AI,Cloud,Verified
Zerebro,"Blockchain, Content","Content creation, NFT generation, Creative automation",AI content creator for NFTs and blockchain-based media,"Zerebro is an AI system that creates original content, art, and media for NFT collections and blockchain-based creative projects. It combines generative AI with blockchain distribution and monetization.",Zerebro,https://zerebro.ai,"Web, NFT",Creation fees,Generative AI,Cloud,Verified
ASI,"Blockchain, Infrastructure","AI infrastructure, Decentralized computing, AI marketplaces",Artificial Superintelligence Alliance for decentralized AI,"ASI (Artificial Superintelligence Alliance) is building decentralized AI infrastructure and marketplaces on blockchain, enabling distributed AI computation, model sharing, and collaborative artificial intelligence development.",ASI Alliance,https://asi.ai,"Blockchain, Infrastructure",Token-based,Distributed AI,Decentralized,Verified
Surf.new,"Web Automation, Browser AI","Web browsing automation, Data extraction, Website interaction",AI-powered web browsing automation platform,"Surf.new provides AI-powered web browsing automation that can navigate websites, extract data, and perform complex web interactions autonomously. It's designed for efficient web scraping and automated web workflows.",Surf,https://surf.new,"Web, API",Freemium,LLM + Vision,Cloud,Verified
Project Mariner,"Web Automation, Browser AI","Chrome automation, Web task completion, Browser agent",Google's experimental AI agent for Chrome browser automation,Project Mariner is Google's experimental AI agent that can use Chrome browser to complete tasks on websites. It represents an early prototype of autonomous web browsing and task completion capabilities.,Google,https://deepmind.google/technologies/project-mariner/,Chrome Extension,Experimental,Gemini 2.0,Browser,Verified
Browser Use,"Web Automation, Browser AI","Browser automation, Web scraping, Task automation",Open-source browser automation with AI control,Browser Use is an open-source project that enables AI agents to control web browsers for automation tasks. It provides programmatic browser control with AI decision-making for complex web interactions.,Browser Use Team,https://github.com/browser-use/browser-use,"Python, Browser",Open Source,Vision + LLM,"Local, Self-hosted",Verified
Agent E,"Web Automation, Browser AI","End-to-end web automation, Complex web tasks, Multi-step workflows",AI agent for complex end-to-end web automation,"Agent E specializes in complex, end-to-end web automation tasks that require multi-step reasoning and adaptation. It can handle dynamic websites and complex user workflows autonomously.",Agent E,https://agente.ai,"Web, API",Subscription,Multi-modal AI,Cloud,Verified
Runner H,"Web Automation, Browser AI","Web task execution, Browser automation, Data collection",High-performance web automation agent for data tasks,"Runner H is designed for high-performance web automation and data collection tasks. It provides fast, reliable browser automation with AI-powered decision making for complex web interactions.",Runner H,https://runnerh.ai,"Web, API",Pay-per-use,Optimized web AI,Cloud,Verified
Qeen AI,"Web Automation, Browser AI","Intelligent web browsing, Content analysis, Web research",AI assistant for intelligent web browsing and research,"Qeen AI provides intelligent web browsing capabilities with advanced content analysis and research automation. It can understand web content, extract insights, and perform complex research tasks.",Qeen,https://qeen.ai,"Web, Browser Extension",Freemium,Research-focused AI,Cloud,Verified
chatrecap,"Web Automation, Content","Content summarization, Web content analysis, Information extraction",AI tool for summarizing and analyzing web content,"chatrecap specializes in summarizing and analyzing web content, chat logs, and online discussions. It provides intelligent content extraction and summarization for information management.",ChatRecap,https://chatrecap.ai,"Web, API",Freemium,Summarization AI,Cloud,Verified
Operator by OpenAI,"Web Automation, Browser AI","Browser automation, Task completion, Web interaction",OpenAI's AI agent for browser-based task completion,"Operator by OpenAI is an AI agent designed to complete tasks using a web browser. It can navigate websites, fill forms, click buttons, and perform complex multi-step web tasks autonomously.",OpenAI,https://openai.com/operator,"Web, Browser",Subscription,GPT-4o based,Cloud,Verified
Open Operator,"Web Automation, Browser AI","Open-source browser automation, Web task automation, Research",Open-source implementation of browser automation agents,"Open Operator is an open-source implementation of browser automation agents, providing similar capabilities to commercial offerings but with full transparency and customization options.",Open Source Community,https://github.com/openoperator/openoperator,"Python, Browser",Open Source,Configurable LLM,Self-hosted,Verified
Site Rag,"Web Automation, Content","Website RAG, Content indexing, Site-specific AI",RAG system for website-specific AI interactions,"Site Rag creates Retrieval-Augmented Generation systems for specific websites, allowing AI agents to have deep, contextual knowledge about particular sites and their content.",SiteRAG,https://siterag.ai,"Web, API",Subscription,RAG + LLM,Cloud,Verified
Agent Inbox UI,"Web Automation, Interface","Agent management, Web UI for agents, Dashboard",User interface for managing and monitoring web agents,"Agent Inbox UI provides a comprehensive dashboard for managing, monitoring, and controlling multiple web automation agents. It offers real-time insights and control over agent activities.",Agent Inbox,https://agentinbox.ai,Web Dashboard,Subscription,Management interface,Cloud,Verified
WebVoyager,"Web Automation, Browser AI","Web exploration, Automated browsing, Content discovery",AI agent for autonomous web exploration and navigation,"WebVoyager is designed for autonomous web exploration and navigation. It can discover content, follow links intelligently, and map website structures while performing specific research or data collection tasks.",WebVoyager,https://webvoyager.ai,"Web, API",Pay-per-use,Navigation AI,Cloud,Verified
Company Financials Agent,"Web Automation, Finance","Financial data extraction, Company research, Investment analysis",AI agent specialized in extracting company financial information,"Company Financials Agent specializes in extracting and analyzing company financial information from various web sources, SEC filings, and financial databases for investment research and analysis.",FinAgent,https://companyfinancials.ai,"Web, API",Subscription,Financial analysis AI,Cloud,Verified
Starizon AI,"Web Automation, E-commerce","E-commerce automation, Product research, Price monitoring",AI platform for e-commerce automation and product research,"Starizon AI provides comprehensive e-commerce automation solutions including product research, price monitoring, competitor analysis, and market intelligence for online retailers and marketplaces.",Starizon,https://starizon.ai,"Web, API",Subscription,E-commerce AI,Cloud,Verified
StoreAgent,"Web Automation, E-commerce","Store management, Inventory automation, Customer service",AI agent for automated e-commerce store management,"StoreAgent provides AI-powered automation for e-commerce stores, including inventory management, customer service, order processing, and marketing automation across multiple platforms.",StoreAgent,https://storeagent.ai,"E-commerce, API",Subscription,Commerce automation AI,Cloud,Verified
Teammates.ai,"Voice AI, Collaboration","Voice collaboration, Meeting assistance, Team communication",AI teammates with voice capabilities for enhanced collaboration,"Teammates.ai creates AI teammates that can participate in voice conversations, assist with meetings, and provide intelligent collaboration support through natural voice interactions.",Teammates,https://teammates.ai,"Web, Mobile",Subscription,Voice + conversational AI,Cloud,Verified
PlayAI,"Voice AI, Audio","Voice cloning, Text-to-speech, Audio generation",Advanced voice AI platform for voice cloning and synthesis,"PlayAI provides advanced voice AI capabilities including voice cloning, text-to-speech synthesis, and audio generation. It offers high-quality, natural-sounding voice outputs for various applications.",PlayAI,https://play.ai,"Web, API",Freemium,Voice synthesis AI,Cloud,Verified
OpenAI Realtime Agents,"Voice AI, Real-time","Real-time voice conversations, Live audio processing, Interactive AI",OpenAI's real-time voice conversation AI agents,"OpenAI Realtime Agents provide real-time voice conversation capabilities, enabling natural, low-latency voice interactions with AI agents for various applications and use cases.",OpenAI,https://platform.openai.com/docs/guides/realtime,"API, SDK",Pay-per-use,GPT-4o Realtime,Cloud,Verified
Vapi,"Voice AI, Telephony","Voice AI infrastructure, Phone agents, Call automation",Voice AI infrastructure platform for building voice agents,"Vapi provides comprehensive voice AI infrastructure for building and deploying voice agents, phone bots, and call automation systems with low latency and high reliability.",Vapi,https://vapi.ai,"API, Telephony",Pay-per-use,Voice AI stack,Cloud,Verified
TalkBud,"Voice AI, Conversations","Voice chatbots, Conversational AI, Customer interaction",AI platform for voice-enabled conversational experiences,"TalkBud creates voice-enabled conversational AI experiences, providing natural voice interactions for customer service, entertainment, and educational applications.",TalkBud,https://talkbud.ai,"Web, Mobile",Freemium,Conversational voice AI,Cloud,Verified
Phonely AI,"Voice AI, Telephony","Phone call automation, Voice assistants, Call center AI",AI phone agents for automated call handling and customer service,"Phonely AI specializes in creating AI phone agents that can handle customer calls, provide support, schedule appointments, and manage various phone-based business interactions.",Phonely,https://phonely.ai,"Telephony, API",Subscription,Phone conversation AI,Cloud,Verified
Kokoro TTS,"Voice AI, Text-to-Speech","Text-to-speech, Voice synthesis, Audio content creation",High-quality text-to-speech AI with emotional expression,"Kokoro TTS provides high-quality text-to-speech synthesis with emotional expression capabilities, enabling natural-sounding voice generation for various content and application needs.",Kokoro,https://kokoro.ai,"API, SDK",Pay-per-use,Emotional TTS,Cloud,Verified
Dialora.ai,"Voice AI, Dialogue","Voice dialogue systems, Interactive conversations, AI assistants",AI platform for sophisticated voice dialogue systems,"Dialora.ai creates sophisticated voice dialogue systems that can engage in complex, context-aware conversations with natural voice interactions and intelligent response generation.",Dialora,https://dialora.ai,"Web, API",Subscription,Dialogue AI,Cloud,Verified
Cartesia AI,"Voice AI, Real-time","Real-time voice AI, Low-latency speech, Live interactions",Real-time voice AI platform for ultra-low latency applications,"Cartesia AI specializes in real-time voice AI with ultra-low latency for applications requiring immediate voice processing and response, such as live conversations and interactive systems.",Cartesia,https://cartesia.ai,"API, SDK",Pay-per-use,Real-time voice models,"Cloud, Edge",Verified
bookline,"Voice AI, Content","Audio book creation, Voice narration, Content audio",AI platform for creating audio books and voice narration,bookline specializes in creating high-quality audio books and voice narration using AI. It provides natural-sounding voice synthesis specifically optimized for long-form content and storytelling.,Bookline,https://bookline.ai,"Web, API",Subscription,Narration-optimized TTS,Cloud,Verified
Voice Docs,"Voice AI, Documentation","Voice documentation, Audio content creation, Accessibility",AI tool for converting documents to natural voice audio,"Voice Docs converts written documents into natural-sounding voice audio, making content more accessible and enabling voice-based content consumption for various documents and materials.",Voice Docs,https://voicedocs.ai,"Web, API",Freemium,Document-to-speech AI,Cloud,Verified
Thoughtly AI,"Voice AI, Reasoning","Voice reasoning, Intelligent conversations, Complex dialogue",AI platform for voice interactions with advanced reasoning,"Thoughtly AI combines voice AI with advanced reasoning capabilities, enabling complex, thoughtful voice conversations that can handle nuanced topics and provide intelligent responses.",Thoughtly,https://thoughtly.ai,"Web, API",Subscription,Reasoning + voice AI,Cloud,Verified
PaperToPodcast,"Voice AI, Content","Research paper audio, Academic content, Educational podcasts",AI tool for converting research papers into podcast-style audio,"PaperToPodcast converts academic research papers and complex documents into engaging, podcast-style audio content, making research more accessible through voice-based consumption.",PaperToPodcast,https://papertopodcast.ai,"Web, API",Freemium,Academic content TTS,Cloud,Verified
BlandAI,"Voice AI, Telephony","Phone call automation, Voice agents, Business calls",AI platform for automated phone calls and voice interactions,"BlandAI provides automated phone call capabilities and voice agents for business applications, including customer outreach, appointment scheduling, and automated voice interactions.",Bland,https://bland.ai,"Telephony, API",Pay-per-use,Phone conversation AI,Cloud,Verified
DoozerAI,"Business Automation, RPA","Business process automation, Task delegation, Workflow optimization",AI-powered digital workers for business process automation,"DoozerAI creates intelligent digital workers that can handle various business processes autonomously. It specializes in automating repetitive tasks, managing workflows, and improving operational efficiency across organizations.",Doozer,https://doozer.ai,"Web, Enterprise",Subscription,Business automation AI,Cloud,Verified
XAgent,"Business Automation, RPA","Complex task automation, Multi-tool coordination, Autonomous execution",Autonomous agent for complex task completion and tool usage,"XAgent is an autonomous agent capable of completing complex tasks by coordinating multiple tools and services. It can understand requirements, plan execution strategies, and autonomously complete multi-step workflows.",XAgent Team,https://github.com/OpenBMB/XAgent,"Python, Multi-platform",Open Source,Multi-tool coordination AI,Self-hosted,Verified
Bob,"Business Automation, Assistant","Personal assistance, Task management, Administrative automation",AI-powered personal assistant for business and administrative tasks,"Bob is an AI-powered personal assistant designed to handle various business and administrative tasks. It can manage schedules, coordinate communications, and automate routine administrative workflows.",Bob AI,https://bob.ai,"Web, Mobile",Freemium,Personal assistant AI,Cloud,Verified
Sintra AI,"Business Automation, Enterprise","Enterprise automation, Business intelligence, Process optimization",Enterprise AI platform for business automation and intelligence,"Sintra AI provides enterprise-grade automation and business intelligence solutions. It helps organizations optimize processes, analyze data, and implement AI-driven business improvements at scale.",Sintra,https://sintra.ai,"Enterprise, Web",Enterprise,Enterprise AI suite,"Cloud, On-premise",Verified
Will,"Business Automation, Legal","Legal document automation, Contract analysis, Compliance management",AI digital worker specialized in legal and compliance tasks,"Will is an AI digital worker that specializes in legal and compliance tasks, including document analysis, contract review, compliance monitoring, and legal research automation.",Will AI,https://will.ai,"Web, Enterprise",Subscription,Legal AI,Cloud,Verified
AiNGEL,"Business Automation, Healthcare","Healthcare automation, Patient management, Medical workflows",AI digital worker for healthcare and medical automation,"AiNGEL specializes in healthcare automation, providing AI-powered solutions for patient management, medical workflows, and healthcare administration to improve efficiency and patient care.",AiNGEL,https://aingel.ai,"Healthcare, Web",Subscription,Healthcare AI,"Cloud, Secure",Verified
Auquan,"Business Automation, Finance","Financial automation, Investment research, Risk analysis",AI platform for financial automation and investment research,"Auquan provides AI-powered automation for financial services, including investment research, risk analysis, portfolio management, and financial data processing for institutional clients.",Auquan,https://auquan.com,"Financial, API",Enterprise,Financial AI,Cloud,Verified
AgentsLed,"Business Automation, Management","Agent orchestration, Team management, Process coordination",Platform for orchestrating and managing multiple AI agents,"AgentsLed provides a platform for orchestrating and managing multiple AI agents across an organization, enabling coordinated automation and intelligent task distribution among agent teams.",AgentsLed,https://agentsled.ai,Management Platform,Subscription,Agent orchestration,Cloud,Verified
Nucleus AI,"Business Automation, Analytics","Business analytics, Data processing, Intelligent insights",AI platform for business analytics and intelligent data processing,"Nucleus AI provides comprehensive business analytics and intelligent data processing capabilities, helping organizations extract insights and automate data-driven decision making.",Nucleus,https://nucleus.ai,"Analytics, Web",Subscription,Analytics AI,Cloud,Verified
Superbo GenAI Fabric,"Business Automation, Enterprise","Enterprise AI fabric, Generative automation, Process integration",Enterprise AI fabric for generative automation and process integration,"Superbo GenAI Fabric provides an enterprise AI fabric that integrates generative AI capabilities across business processes, enabling comprehensive automation and intelligent process optimization.",Superbo,https://superbo.ai,Enterprise Fabric,Enterprise,Generative AI fabric,"Cloud, Hybrid",Verified
Arya-AI,"Business Automation, Intelligence","Business intelligence, Process automation, Decision support",AI platform for business intelligence and automated decision support,"Arya-AI provides intelligent business automation with advanced decision support capabilities, helping organizations make data-driven decisions and automate complex business processes.",Arya,https://arya-ai.com,Business Intelligence,Subscription,Decision support AI,Cloud,Verified
Conviction AI,"Business Automation, Decision","Decision automation, Conviction analysis, Strategic planning",AI platform for automated decision making and conviction analysis,"Conviction AI specializes in automated decision making and conviction analysis, helping organizations make confident, data-backed decisions through AI-powered analysis and strategic planning.",Conviction,https://conviction.ai,Decision Platform,Enterprise,Decision analysis AI,Cloud,Verified
Humains,"Business Automation, Human-AI","Human-AI collaboration, Workflow augmentation, Team enhancement",Platform for human-AI collaboration and workflow augmentation,"Humains creates seamless human-AI collaboration platforms that augment human capabilities with AI, enhancing team productivity and enabling more effective human-AI workflow integration.",Humains,https://humains.ai,Collaboration Platform,Subscription,Human-AI collaboration,Cloud,Verified
Micro Agent,"Development, Coding","Microservice development, Code generation, API creation",AI agent specialized in microservice and API development,"Micro Agent specializes in microservice development and API creation, providing intelligent code generation and architecture suggestions for scalable, modular application development.",Micro Agent,https://microagent.dev,"IDE, Web",Freemium,Code generation AI,"Cloud, Local",Verified
a0.dev,"Development, Coding","Full-stack development, Application building, Code automation",AI platform for full-stack application development and deployment,"a0.dev provides comprehensive AI assistance for full-stack application development, from initial design to deployment, with intelligent code generation and automated development workflows.",a0.dev,https://a0.dev,"Web, Development",Freemium,Full-stack AI,Cloud,Verified
bolt.diy,"Development, Coding","Rapid prototyping, Code generation, DIY development",AI-powered platform for rapid application prototyping and development,"bolt.diy enables rapid application prototyping and development with AI assistance, providing tools for quick code generation, testing, and deployment of software projects.",Bolt DIY,https://bolt.diy,"Web, Development",Open Source,Rapid development AI,"Cloud, Self-hosted",Verified
Lovable,"Development, Coding","App development, UI/UX generation, Frontend automation",AI platform for automated app development and UI generation,"Lovable specializes in automated app development with intelligent UI/UX generation, helping developers create beautiful, functional applications with AI-powered design and development assistance.",Lovable,https://lovable.dev,"Web, Development",Freemium,App development AI,Cloud,Verified
Devra,"Development, Coding","Development assistance, Code review, Programming support",AI development assistant for code review and programming support,"Devra provides comprehensive development assistance including intelligent code review, debugging support, and programming guidance to help developers write better code more efficiently.",Devra,https://devra.ai,"IDE, Web",Subscription,Development assistance AI,Cloud,Verified
Potpie AI,"Development, Coding","Code analysis, Documentation, Development insights",AI platform for code analysis and automated documentation,"Potpie AI provides intelligent code analysis and automated documentation generation, helping development teams understand, document, and maintain their codebases more effectively.",Potpie,https://potpie.ai,Development Tools,Freemium,Code analysis AI,Cloud,Verified
Bolt,"Development, Coding","Full-stack development, Rapid deployment, Code generation",AI platform for full-stack web development and rapid deployment,"Bolt provides comprehensive full-stack web development capabilities with AI-powered code generation, enabling rapid development and deployment of web applications with intelligent assistance.",StackBlitz,https://bolt.new,"Web, Development",Freemium,Web development AI,Cloud,Verified
Twig,"Customer Support, Service","Customer support automation, Query resolution, Help desk",AI-powered customer support platform for automated query resolution,"Twig provides AI-powered customer support automation that can handle customer queries, resolve issues, and provide assistance across multiple channels, improving response times and customer satisfaction.",Twig,https://twig.ai,Customer Support,Subscription,Customer service AI,Cloud,Verified
Raya by Teammates.ai,"Customer Support, Service","AI customer service, Support automation, Team collaboration",AI customer service agent with team collaboration capabilities,"Raya by Teammates.ai provides AI-powered customer service with seamless team collaboration features, enabling efficient customer support through intelligent automation and human-AI coordination.",Teammates.ai,https://teammates.ai/raya,Customer Service,Subscription,Collaborative customer AI,Cloud,Verified
SIA,"Customer Support, Service","Intelligent customer assistance, Support automation, Service optimization",Smart Intelligent Assistant for customer service automation,"SIA (Smart Intelligent Assistant) provides advanced customer service automation with intelligent query understanding, personalized responses, and continuous learning from customer interactions.",SIA,https://sia.ai,Customer Service,Subscription,Intelligent assistant AI,Cloud,Verified
Agentforce,"Customer Support, Service","Salesforce automation, CRM integration, Customer engagement",Salesforce AI agents for customer service and CRM automation,"Agentforce provides AI agents specifically designed for Salesforce environments, offering intelligent customer service automation, CRM integration, and enhanced customer engagement capabilities.",Salesforce,https://www.salesforce.com/products/agentforce/,"Salesforce, CRM",Enterprise,Salesforce AI,Cloud,Verified
BOTfriends X,"Customer Support, Service","Chatbot platform, Customer interaction, Service automation",Advanced chatbot platform for customer service automation,"BOTfriends X provides an advanced chatbot platform for customer service automation, offering intelligent conversation management, multi-channel support, and comprehensive customer interaction capabilities.",BOTfriends,https://botfriends.de,Chatbot Platform,Subscription,Conversational AI,Cloud,Verified
Cognigy,"Customer Support, Service","Conversational AI, Customer experience, Voice and chat bots",Enterprise conversational AI platform for customer experience,"Cognigy provides enterprise-grade conversational AI for customer experience, offering voice and chat bots, advanced NLU, and comprehensive customer interaction management across all channels.",Cognigy,https://cognigy.com,Enterprise AI,Enterprise,Enterprise conversational AI,"Cloud, On-premise",Verified
Forethought,"Customer Support, Service","AI customer support, Ticket automation, Support intelligence",AI platform for customer support automation and intelligence,"Forethought provides AI-powered customer support automation with intelligent ticket routing, automated responses, and support analytics to improve customer service efficiency and quality.",Forethought,https://forethought.ai,Customer Support,Subscription,Support automation AI,Cloud,Verified
Lumivar,"Customer Support, Service","Customer service AI, Support optimization, Service analytics",AI platform for customer service optimization and analytics,"Lumivar provides AI-powered customer service optimization with advanced analytics, performance insights, and intelligent automation to enhance customer support operations and outcomes.",Lumivar,https://lumivar.ai,Service Analytics,Subscription,Service optimization AI,Cloud,Verified
Manus AI,"Productivity, Workflow","Document automation, Content generation, Workflow optimization",AI platform for document automation and content generation,"Manus AI provides comprehensive document automation and content generation capabilities, helping users create, edit, and manage documents more efficiently with intelligent assistance.",Manus,https://manus.ai,"Productivity, Web",Freemium,Document generation AI,Cloud,Verified
Nextvestment,"Productivity, Finance","Investment analysis, Financial planning, Portfolio management",AI platform for investment analysis and financial planning,"Nextvestment provides AI-powered investment analysis and financial planning tools, helping users make informed investment decisions and optimize their financial portfolios.",Nextvestment,https://nextvestment.ai,Financial Planning,Subscription,Investment analysis AI,Cloud,Verified
Supercog,"Productivity, Cognitive","Cognitive enhancement, Productivity optimization, Mental performance",AI platform for cognitive enhancement and productivity optimization,"Supercog provides AI-powered cognitive enhancement and productivity optimization tools, helping users improve mental performance, focus, and overall productivity through intelligent assistance.",Supercog,https://supercog.ai,Cognitive Tools,Subscription,Cognitive enhancement AI,Cloud,Verified
Nurture,"Productivity, Wellness","Personal development, Habit tracking, Wellness optimization",AI platform for personal development and wellness optimization,"Nurture provides AI-powered personal development and wellness optimization tools, helping users build better habits, track progress, and achieve their personal and professional goals.",Nurture,https://nurture.ai,"Wellness, Mobile",Freemium,Personal development AI,Cloud,Verified
aigents.pm,"Productivity, Project Management","Project management, Team coordination, Task automation",AI project management platform for team coordination and task automation,"aigents.pm provides AI-powered project management with intelligent team coordination, automated task management, and smart project insights to improve team productivity and project outcomes.",AiGents,https://aigents.pm,Project Management,Subscription,Project management AI,Cloud,Verified
Giselle,"Productivity, Workflow","Workflow automation, Task management, Personal assistance",AI personal assistant for workflow automation and task management,"Giselle is an AI personal assistant that provides comprehensive workflow automation and task management capabilities, helping users organize, prioritize, and complete their work more efficiently.",Giselle,https://giselle.ai,Personal Assistant,Subscription,Personal productivity AI,Cloud,Verified
JARVIS,"Automation, Workflow","Workflow orchestration, Process automation, Task coordination",AI workflow automation and orchestration platform,"JARVIS provides comprehensive AI workflow automation and orchestration capabilities, enabling organizations to streamline processes, coordinate tasks, and optimize operational efficiency through intelligent automation.",JARVIS,https://jarvis.ai,Workflow Platform,Subscription,Workflow orchestration AI,Cloud,Verified
